Date,Open*,High,Low,Close**,Volume,Market Cap
"Aug 14, 2018",6287.66,6287.94,5971.05,6199.71,5301700000,108199097492
"Aug 13, 2018",6341.36,6537.05,6225.72,6297.57,4083980000,109111523954
"Aug 12, 2018",6283.65,6409.85,6237.5,6322.69,5665250000,108106451582
"Aug 11, 2018",6185.79,6455.74,6109.03,6295.73,4047850000,106409456302
"Aug 10, 2018",6571.42,6591.26,6124.52,6184.71,4528680000,113028788092
"Aug 09, 2018",6305.56,6625.73,6249.07,6568.23,4267040000,108444366975
"Aug 08, 2018",6746.85,6746.85,6226.22,6305.8,5064430000,116020470612
"Aug 07, 2018",6958.32,7146.56,6748.24,6753.12,4682800000,119643646094
"Aug 06, 2018",7062.94,7166.55,6890.54,6951.8,3925900000,121430864537
"Aug 05, 2018",7031.08,7102.77,6940.7,7068.48,3679110000,120869247490
"Aug 04, 2018",7438.67,7497.49,6984.07,7032.85,4268390000,127859350021
"Aug 03, 2018",7562.14,7562.14,7328.65,7434.39,4627150000,129965898111
"Aug 02, 2018",7634.19,7712.77,7523.44,7567.15,4214110000,131189721712
"Aug 01, 2018",7769.04,7769.04,7504.95,7624.91,4797620000,133492645169
"Jul 31, 2018",8181.2,8181.53,7696.93,7780.44,5287530000,140559547538
"Jul 30, 2018",8221.58,8235.5,7917.5,8180.48,5551400000,141239444979
"Jul 29, 2018",8205.82,8272.26,8141.18,8218.46,4107190016,140951371776
"Jul 28, 2018",8169.06,8222.85,8110.77,8192.15,3988750080,140305137664
"Jul 27, 2018",7950.4,8262.66,7839.76,8165.01,5195879936,136532811776
"Jul 26, 2018",8176.85,8290.33,7878.71,7951.58,4899089920,140404998144
"Jul 25, 2018",8379.66,8416.87,8086.36,8181.39,5845400064,143869018112
"Jul 24, 2018",7716.51,8424.27,7705.5,8424.27,7277689856,132468064256
"Jul 23, 2018",7414.71,7771.5,7409.1,7711.11,5132480000,127271731200
"Jul 22, 2018",7417.8,7537.95,7383.82,7418.49,3695460096,127307890688
"Jul 21, 2018",7352.72,7437.64,7262.41,7419.29,3726609920,126178377728
"Jul 20, 2018",7467.4,7594.67,7323.26,7354.13,4936869888,128131997696
"Jul 19, 2018",7378.2,7494.46,7295.46,7466.86,5111629824,126585470976
"Jul 18, 2018",7315.32,7534.99,7280.47,7370.78,6103410176,125490839552
"Jul 17, 2018",6739.65,7387.24,6684.17,7321.04,5961950208,115602178048
"Jul 16, 2018",6357.01,6741.75,6357.01,6741.75,4725799936,109029466112
"Jul 15, 2018",6272.7,6403.46,6256.51,6359.64,3285459968,107572805632
"Jul 14, 2018",6247.5,6298.19,6212.22,6276.12,2923670016,107130486784
"Jul 13, 2018",6235.03,6310.55,6192.24,6238.05,3805400064,106905509888
"Jul 12, 2018",6396.78,6397.1,6136.42,6228.81,3770170112,109667352576
"Jul 11, 2018",6330.77,6444.96,6330.47,6394.71,3644859904,108525068288
"Jul 10, 2018",6739.21,6767.74,6320.72,6329.95,4052430080,115514351616
"Jul 09, 2018",6775.08,6838.68,6724.34,6741.75,3718129920,116117585920
"Jul 08, 2018",6857.8,6885.91,6747.98,6773.88,3386210048,117521514496
"Jul 07, 2018",6668.71,6863.99,6579.24,6856.93,3961080064,114268422144
"Jul 06, 2018",6638.69,6700.94,6533.55,6673.5,4313959936,113740677120
"Jul 05, 2018",6599.71,6749.54,6546.65,6639.14,4999240192,113061527552
"Jul 04, 2018",6550.87,6771.92,6450.46,6597.55,4176689920,112213950464
"Jul 03, 2018",6596.66,6671.37,6447.75,6529.59,4672309760,112988749824
"Jul 02, 2018",6380.38,6683.86,6305.7,6614.18,4396930048,109272858624
"Jul 01, 2018",6411.68,6432.85,6289.29,6385.82,4788259840,109797138432
"Jun 30, 2018",6214.22,6465.51,6214.22,6404.0,4543860224,106404847616
"Jun 29, 2018",5898.13,6261.66,5835.75,6218.3,3966230016,100981440512
"Jun 28, 2018",6153.16,6170.41,5873.05,5903.44,3467800064,105335562240
"Jun 27, 2018",6084.4,6180.0,6052.85,6157.13,3296219904,104149196800
"Jun 26, 2018",6253.55,6290.16,6093.67,6093.67,3279759872,107033337856
"Jun 25, 2018",6171.97,6327.37,6119.68,6249.18,5500810240,105625010176
"Jun 24, 2018",6164.28,6223.78,5826.41,6173.23,4566909952,105480101888
"Jun 23, 2018",6090.1,6224.82,6071.81,6162.48,3431360000,104198422528
"Jun 22, 2018",6737.88,6747.08,6006.6,6083.69,5079810048,115268878336
"Jun 21, 2018",6780.09,6810.94,6715.17,6729.74,3529129984,115976970240
"Jun 20, 2018",6770.76,6821.56,6611.88,6776.55,3888640000,115803979776
"Jun 19, 2018",6742.39,6822.5,6709.92,6769.94,4057029888,115305701376
"Jun 18, 2018",6510.07,6781.14,6446.68,6734.82,4039200000,111319474176
"Jun 17, 2018",6545.53,6589.11,6499.27,6499.27,3104019968,111912886272
"Jun 16, 2018",6455.45,6592.49,6402.29,6550.16,3194170112,110359371776
"Jun 15, 2018",6674.08,6681.08,6433.87,6456.58,3955389952,114084323328
"Jun 14, 2018",6342.75,6707.14,6334.46,6675.35,5138710016,108408373248
"Jun 13, 2018",6596.88,6631.66,6285.63,6349.9,5052349952,112740089856
"Jun 12, 2018",6905.82,6907.96,6542.08,6582.36,4654380032,118007037952
"Jun 11, 2018",6799.29,6910.18,6706.63,6906.92,4745269760,116175110144
"Jun 10, 2018",7499.55,7499.55,6709.07,6786.02,5804839936,128128073728
"Jun 09, 2018",7632.52,7683.58,7531.98,7531.98,3845220096,130386051072
"Jun 08, 2018",7685.14,7698.19,7558.4,7624.92,4227579904,131270959104
"Jun 07, 2018",7650.82,7741.27,7650.82,7678.24,4485799936,130671083520
"Jun 06, 2018",7625.97,7680.43,7502.01,7653.98,4692259840,130232893440
"Jun 05, 2018",7500.9,7643.23,7397.0,7633.76,4961739776,128080510976
"Jun 04, 2018",7722.53,7753.82,7474.04,7514.47,4993169920,131847151616
"Jun 03, 2018",7632.09,7754.89,7613.04,7720.25,4851760128,130287656960
"Jun 02, 2018",7536.72,7695.83,7497.26,7643.45,4939299840,128645062656
"Jun 01, 2018",7500.7,7604.73,7407.34,7541.45,4921460224,128014475264
"May 31, 2018",7406.15,7608.9,7361.13,7494.17,5127130112,126385594368
"May 30, 2018",7469.73,7573.77,7313.6,7406.52,4922540032,127453937664
"May 29, 2018",7129.46,7526.42,7090.68,7472.59,5662660096,121636012032
"May 28, 2018",7371.31,7419.05,7100.89,7135.99,5040600064,125747650560
"May 27, 2018",7362.08,7381.74,7270.96,7368.22,4056519936,125574873088
"May 26, 2018",7486.48,7595.16,7349.12,7355.88,4051539968,127681822720
"May 25, 2018",7592.3,7659.14,7392.65,7480.14,4867829760,129469906944
"May 24, 2018",7561.12,7738.6,7331.14,7587.34,6049220096,128924786688
"May 23, 2018",8037.08,8054.66,7507.88,7557.82,6491120128,137023922176
"May 22, 2018",8419.87,8423.25,8004.58,8041.78,5137010176,143533998080
"May 21, 2018",8522.33,8557.52,8365.12,8418.99,5154990080,145264312320
"May 20, 2018",8246.99,8562.41,8205.24,8513.25,5191059968,140555894784
"May 19, 2018",8255.73,8372.06,8183.35,8247.18,4712399872,140688801792
"May 18, 2018",8091.83,8274.12,7974.82,8250.97,5764190208,137881419776
"May 17, 2018",8370.05,8445.54,8054.12,8094.32,5862530048,142608318464
"May 16, 2018",8504.41,8508.43,8175.49,8368.83,6760220160,144877961216
"May 15, 2018",8705.19,8836.19,8456.45,8510.38,6705710080,148282703872
"May 14, 2018",8713.1,8881.12,8367.97,8716.79,7364149760,148403159040
"May 13, 2018",8515.49,8773.55,8395.12,8723.94,5866379776,145021599744
"May 12, 2018",8441.44,8664.86,8223.5,8504.89,6821380096,143743025152
"May 11, 2018",9052.96,9052.96,8394.46,8441.49,8488520192,154142113792
"May 10, 2018",9325.96,9396.04,9040.52,9043.94,6906699776,158772150272
"May 09, 2018",9223.73,9374.76,9031.62,9325.18,7226890240,157013377024
"May 08, 2018",9380.87,9462.75,9127.77,9234.82,7415869952,159671926784
"May 07, 2018",9645.67,9665.85,9231.53,9373.01,7394019840,164161159168
"May 06, 2018",9845.31,9940.14,9465.25,9654.8,7222280192,167541391360
"May 05, 2018",9700.28,9964.5,9695.12,9858.15,7651939840,165054595072
"May 04, 2018",9695.5,9779.2,9585.96,9700.76,8217829888,164955684864
"May 03, 2018",9233.97,9798.33,9188.15,9743.86,10207299584,157086744576
"May 02, 2018",9104.6,9256.52,9015.14,9235.92,7558159872,154868940800
"May 01, 2018",9251.47,9255.88,8891.05,9119.01,7713019904,157349511168
"Apr 30, 2018",9426.11,9477.14,9166.81,9240.55,8673920000,160301858816
"Apr 29, 2018",9346.41,9531.49,9193.71,9419.08,8853000192,158927945728
"Apr 28, 2018",8939.27,9412.09,8931.99,9348.48,7805479936,151990501376
"Apr 27, 2018",9290.63,9375.47,8987.05,8987.05,7566289920,157948411904
"Apr 26, 2018",8867.32,9281.51,8727.09,9281.51,8970559488,150736044032
"Apr 25, 2018",9701.03,9745.32,8799.84,8845.74,11083100160,164893310976
"Apr 24, 2018",8934.34,9732.61,8927.83,9697.5,10678800384,151843831808
"Apr 23, 2018",8794.39,8958.55,8788.81,8930.88,6925190144,149448441856
"Apr 22, 2018",8925.06,9001.64,8779.61,8802.46,6629899776,151650992128
"Apr 21, 2018",8848.79,8997.57,8652.15,8895.58,7548550144,150337388544
"Apr 20, 2018",8286.88,8880.23,8244.54,8845.83,8438110208,140776603648
"Apr 19, 2018",8159.27,8298.69,8138.78,8294.31,7063209984,138590552064
"Apr 18, 2018",7944.43,8197.8,7886.01,8163.42,6529909760,134925754368
"Apr 17, 2018",8071.66,8285.96,7881.72,7902.09,6900879872,137069985792
"Apr 16, 2018",8337.57,8371.15,7925.73,8058.67,5631309824,141570850816
"Apr 15, 2018",7999.33,8338.42,7999.33,8329.11,5244480000,135811555328
"Apr 14, 2018",7874.67,8140.71,7846.0,7986.24,5191430144,133681594368
"Apr 13, 2018",7901.09,8183.96,7758.93,7895.96,7764460032,134113542144
"Apr 12, 2018",6955.38,7899.23,6806.51,7889.25,8906250240,118047571968
"Apr 11, 2018",6843.47,6968.32,6817.59,6968.32,4641889792,116126228480
"Apr 10, 2018",6795.44,6872.41,6704.15,6834.76,4272750080,115305570304
"Apr 09, 2018",7044.32,7178.11,6661.99,6770.73,4894060032,119515766784
"Apr 08, 2018",6919.98,7111.56,6919.98,7023.52,3652499968,117392195584
"Apr 07, 2018",6630.51,7050.54,6630.51,6911.09,3976610048,112466558976
"Apr 06, 2018",6815.96,6857.49,6575.0,6636.32,3766810112,115600564224
"Apr 05, 2018",6848.65,6933.82,6644.8,6811.47,5639320064,116141531136
"Apr 04, 2018",7456.41,7469.88,6803.88,6853.84,4936000000,126434361344
"Apr 03, 2018",7102.26,7530.94,7072.49,7456.11,5499700224,120414863360
"Apr 02, 2018",6844.86,7135.47,6816.58,7083.8,4333440000,116037476352
"Apr 01, 2018",7003.06,7060.95,6526.87,6844.23,4532100096,118705192960
"Mar 31, 2018",6892.48,7207.85,6863.52,6973.53,4553269760,116819845120
"Mar 30, 2018",7171.45,7276.66,6683.93,6890.52,6289509888,121533513728
"Mar 29, 2018",7979.07,7994.33,7081.38,7165.7,6361229824,135204954112
"Mar 28, 2018",7836.83,8122.89,7809.17,7954.48,4935289856,132781244416
"Mar 27, 2018",8200.0,8232.78,7797.28,7833.04,5378250240,138918920192
"Mar 26, 2018",8498.47,8530.08,7921.43,8209.4,5921039872,143959785472
"Mar 25, 2018",8612.81,8682.01,8449.1,8495.78,4569880064,145881972736
"Mar 24, 2018",8901.95,8996.18,8665.7,8668.12,5664600064,150761701376
"Mar 23, 2018",8736.25,8879.62,8360.62,8879.62,5954120192,147940982784
"Mar 22, 2018",8939.44,9100.71,8564.9,8728.47,5530390016,151365943296
"Mar 21, 2018",8937.48,9177.37,8846.33,8929.28,6043129856,151315972096
"Mar 20, 2018",8619.67,9051.02,8389.89,8913.47,6361789952,145921605632
"Mar 19, 2018",8344.12,8675.87,8182.4,8630.65,6729110016,141240451072
"Mar 18, 2018",7890.52,8245.51,7397.99,8223.68,6639190016,133547311104
"Mar 17, 2018",8321.91,8346.53,7812.82,7916.88,4426149888,140833521664
"Mar 16, 2018",8322.91,8585.15,8005.31,8338.35,5289379840,140833898496
"Mar 15, 2018",8290.76,8428.35,7783.05,8300.86,6834429952,140275318784
"Mar 14, 2018",9214.65,9355.85,8068.59,8269.81,6438230016,155890532352
"Mar 13, 2018",9173.04,9470.38,8958.19,9194.85,5991139840,155168309248
"Mar 12, 2018",9602.93,9937.5,8956.43,9205.12,6457399808,162420637696
"Mar 11, 2018",8852.78,9711.89,8607.12,9578.63,6296370176,149716271104
"Mar 10, 2018",9350.59,9531.32,8828.47,8866.0,5386319872,158118674432
"Mar 09, 2018",9414.69,9466.35,8513.03,9337.55,8704190464,159184977920
"Mar 08, 2018",9951.44,10147.4,9335.87,9395.01,7186089984,168240807936
"Mar 07, 2018",10803.9,10929.5,9692.12,9965.57,8797910016,182630825984
"Mar 06, 2018",11500.1,11500.1,10694.3,10779.9,6832169984,194378252288
"Mar 05, 2018",11532.4,11704.1,11443.9,11573.3,6468539904,194902605824
"Mar 04, 2018",11497.4,11512.6,11136.1,11512.6,6084149760,194289254400
"Mar 03, 2018",11101.9,11528.2,11002.4,11489.7,6690570240,187581399040
"Mar 02, 2018",10977.4,11189.0,10850.1,11086.4,7620590080,185456082944
"Mar 01, 2018",10385.0,11052.3,10352.7,10951.0,7317279744,175427076096
"Feb 28, 2018",10687.2,11089.8,10393.1,10397.9,6936189952,180509966336
"Feb 27, 2018",10393.9,10878.5,10246.1,10725.6,6966179840,175536128000
"Feb 26, 2018",9669.43,10475.0,9501.73,10366.7,7287690240,163283419136
"Feb 25, 2018",9796.42,9923.22,9407.06,9664.73,5706939904,165406720000
"Feb 24, 2018",10287.7,10597.2,9546.97,9813.07,6917929984,173682327552
"Feb 23, 2018",9937.07,10487.3,9734.56,10301.1,7739500032,167745568768
"Feb 22, 2018",10660.4,11039.1,9939.09,10005.0,8040079872,179936477184
"Feb 21, 2018",11372.2,11418.5,10479.1,10690.4,9405339648,191926796288
"Feb 20, 2018",11231.8,11958.5,11231.8,11403.7,9926540288,189535830016
"Feb 19, 2018",10552.6,11273.8,10513.2,11225.3,7652089856,178054987776
"Feb 18, 2018",11123.4,11349.8,10326.0,10551.8,8744009728,187662860288
"Feb 17, 2018",10207.5,11139.5,10149.4,11112.7,8660880384,172191072256
"Feb 16, 2018",10135.7,10324.1,9824.82,10233.9,7296159744,170960158720
"Feb 15, 2018",9488.32,10234.8,9395.58,10166.4,9062540288,160025198592
"Feb 14, 2018",8599.92,9518.54,8599.92,9494.63,7909819904,145023090688
"Feb 13, 2018",8926.72,8958.47,8455.41,8598.31,5696719872,150515712000
"Feb 12, 2018",8141.43,8985.92,8141.43,8926.57,6256439808,137257820160
"Feb 11, 2018",8616.13,8616.13,7931.1,8129.97,6122189824,145244585984
"Feb 10, 2018",8720.08,9122.55,8295.47,8621.9,7780960256,146981191680
"Feb 09, 2018",8271.84,8736.98,7884.71,8736.98,6784820224,139411996672
"Feb 08, 2018",7637.86,8558.77,7637.86,8265.59,9346750464,128714047488
"Feb 07, 2018",7755.49,8509.11,7236.79,7621.3,9169280000,130683248640
"Feb 06, 2018",7051.75,7850.7,6048.26,7754.0,13999800320,118809837568
"Feb 05, 2018",8270.54,8364.84,6756.68,6955.27,9285289984,139324735488
"Feb 04, 2018",9175.7,9334.87,8031.22,8277.01,7073549824,154553286656
"Feb 03, 2018",8852.12,9430.75,8251.63,9174.91,7263790080,149085257728
"Feb 02, 2018",9142.28,9142.28,7796.49,8830.75,12726899712,153952600064
"Feb 01, 2018",10237.3,10288.8,8812.28,9170.54,9959400448,172372410368
"Jan 31, 2018",10108.2,10381.6,9777.42,10221.1,8041160192,170183426048
"Jan 30, 2018",11306.8,11307.2,10036.2,10106.3,8637859840,190339072000
"Jan 29, 2018",11755.5,11875.6,11179.2,11296.4,7107359744,197870944256
"Jan 28, 2018",11475.3,12040.3,11475.3,11786.3,8350360064,193133117440
"Jan 27, 2018",11174.9,11614.9,10989.2,11440.7,7583269888,188054274048
"Jan 26, 2018",11256.0,11656.7,10470.3,11171.4,9746199552,189397811200
"Jan 25, 2018",11421.7,11785.7,11057.4,11259.4,8873169920,192162840576
"Jan 24, 2018",10903.4,11501.4,10639.8,11359.4,9940989952,183418601472
"Jan 23, 2018",10944.5,11377.6,10129.7,10868.4,9660609536,184087085056
"Jan 22, 2018",11633.1,11966.4,10240.2,10931.4,10537400320,195644588032
"Jan 21, 2018",12889.2,12895.9,11288.2,11600.1,9935179776,216740282368
"Jan 20, 2018",11656.2,13103.0,11656.2,12899.2,11801700352,195978788864
"Jan 19, 2018",11429.8,11992.8,11172.1,11607.4,10740400128,192149700608
"Jan 18, 2018",11198.8,12107.3,10942.5,11474.9,15020399616,188241526784
"Jan 17, 2018",11431.1,11678.0,9402.29,11188.6,18830600192,192123404288
"Jan 16, 2018",13836.1,13843.1,10194.9,11490.5,18853799936,232517451776
"Jan 15, 2018",13767.3,14445.5,13641.7,13819.8,12750799872,231334150144
"Jan 14, 2018",14370.8,14511.8,13268.0,13772.0,11084099584,241446797312
"Jan 13, 2018",13952.4,14659.5,13952.4,14360.2,12763599872,234391027712
"Jan 12, 2018",13453.9,14229.9,13158.1,13980.6,12065699840,225986084864
"Jan 11, 2018",14968.2,15018.8,13105.9,13405.8,16534099968,251387068416
"Jan 10, 2018",14588.5,14973.3,13691.2,14973.3,18500800512,244980531200
"Jan 09, 2018",15123.7,15497.5,14424.0,14595.4,16659999744,253935419392
"Jan 08, 2018",16476.2,16537.9,14208.2,15170.1,18413899776,276611596288
"Jan 07, 2018",17527.3,17579.6,16087.7,16477.6,15866000384,294222364672
"Jan 06, 2018",17462.1,17712.4,16764.6,17527.0,18314600448,293090852864
"Jan 05, 2018",15477.2,17705.2,15202.8,17429.5,23840899072,259747708928
"Jan 04, 2018",15270.7,15739.7,14522.2,15599.2,21783199744,256250429440
"Jan 03, 2018",14978.2,15572.8,14844.5,15201.0,16871900160,251311702016
"Jan 02, 2018",13625.0,15444.6,13163.6,14982.1,16846600192,228578836480
"Jan 01, 2018",14112.2,14112.2,13154.7,13657.2,10291200000,236724797440
"Dec 31, 2017",12897.7,14377.4,12755.6,14156.4,12136299520,216325586944
"Dec 30, 2017",14681.9,14681.9,12350.1,12952.2,14452599808,246223912960
"Dec 29, 2017",14695.8,15279.0,14307.0,14656.2,13025500160,246427598848
"Dec 28, 2017",15864.1,15888.4,13937.3,14606.5,12336499712,265988489216
"Dec 27, 2017",16163.5,16930.9,15114.3,15838.5,12487600128,270976270336
"Dec 26, 2017",14036.6,16461.2,14028.9,16099.8,13454300160,235294408704
"Dec 25, 2017",13995.9,14593.0,13448.9,14026.6,10664699904,234589569024
"Dec 24, 2017",14608.2,14626.0,12747.7,13925.8,11572299776,244823687168
"Dec 23, 2017",13948.7,15603.2,13828.8,14699.2,13086000128,233747824640
"Dec 22, 2017",15898.0,15943.4,11833.0,13831.8,22197999616,266381426688
"Dec 21, 2017",16642.4,17567.7,15342.7,15802.9,16516599808,278826811392
"Dec 20, 2017",17760.3,17934.7,16077.7,16624.6,22149699584,297526394880
"Dec 19, 2017",19118.3,19177.8,17275.4,17776.7,16894499840,320242253824
"Dec 18, 2017",19106.4,19371.0,18355.9,19114.2,14839499776,320000294912
"Dec 17, 2017",19475.8,20089.0,18974.1,19140.8,13314599936,326141280256
"Dec 16, 2017",17760.3,19716.7,17515.3,19497.4,12740599808,297375760384
"Dec 15, 2017",16601.3,18154.1,16601.3,17706.9,14309999616,277935587328
"Dec 14, 2017",16384.6,17085.8,16185.9,16564.0,13777399808,274268504064
"Dec 13, 2017",17500.0,17653.1,16039.7,16408.2,12976900096,292900372480
"Dec 12, 2017",16919.8,17781.8,16571.6,17415.4,14603799552,283154612224
"Dec 11, 2017",15427.4,17513.9,15404.8,16936.8,12153900032,258146762752
"Dec 10, 2017",15168.4,15850.6,13226.6,15455.4,13433299968,253781737472
"Dec 09, 2017",16523.3,16783.0,13674.9,15178.2,13911300096,276415348736
"Dec 08, 2017",17802.9,18353.4,14336.9,16569.4,21135998976,297786572800
"Dec 07, 2017",14266.1,17899.7,14057.3,17899.7,17950699520,238599536640
"Dec 06, 2017",11923.4,14369.1,11923.4,14291.5,12656300032,199390003200
"Dec 05, 2017",11685.7,12032.0,11604.6,11916.7,6895260160,195389161472
"Dec 04, 2017",11315.4,11657.2,11081.8,11657.2,6132409856,189172383744
"Dec 03, 2017",11082.7,11858.7,10862.0,11323.2,6608309760,185258246144
"Dec 02, 2017",10978.3,11320.2,10905.1,11074.6,5138500096,183489593344
"Dec 01, 2017",10198.6,11046.7,9694.65,10975.6,6783119872,170435903488
"Nov 30, 2017",9906.79,10801.0,9202.05,10233.6,8310689792,165537480704
"Nov 29, 2017",10077.4,11517.4,9601.03,9888.61,11568799744,168366702592
"Nov 28, 2017",9823.43,10125.7,9736.3,10058.8,6348819968,164104404992
"Nov 27, 2017",9352.72,9818.35,9352.72,9818.35,5653320192,156221046784
"Nov 26, 2017",8789.04,9522.93,8775.59,9330.55,5475579904,146789220352
"Nov 25, 2017",8241.71,8790.92,8191.15,8790.92,4342060032,137631875072
"Nov 24, 2017",8074.02,8374.16,7940.93,8253.69,5058610176,134816366592
"Nov 23, 2017",8232.38,8267.4,8038.77,8038.77,4225179904,137444474880
"Nov 22, 2017",8077.95,8302.26,8075.47,8253.55,3633530112,134851436544
"Nov 21, 2017",8205.74,8348.66,7762.71,8071.26,4277609984,136966864896
"Nov 20, 2017",8039.07,8336.86,7949.36,8200.64,3488450048,134167306240
"Nov 19, 2017",7766.03,8101.91,7694.1,8036.49,3149319936,129594712064
"Nov 18, 2017",7697.21,7884.99,7463.44,7790.15,3667190016,128424927232
"Nov 17, 2017",7853.57,8004.59,7561.09,7708.99,4651670016,131026165760
"Nov 16, 2017",7323.24,7967.38,7176.58,7871.69,5123809792,122164264960
"Nov 15, 2017",6634.76,7342.25,6634.76,7315.54,4200880128,110666571776
"Nov 14, 2017",6561.48,6764.98,6461.75,6635.75,3197110016,109433905152
"Nov 13, 2017",5938.25,6811.19,5844.29,6559.49,6263249920,99029016576
"Nov 12, 2017",6295.45,6625.05,5519.01,5950.07,8957349888,104979750912
"Nov 11, 2017",6618.61,6873.15,6204.22,6357.6,4908680192,110361878528
"Nov 10, 2017",7173.73,7312.0,6436.87,6618.14,5208249856,119607435264
"Nov 09, 2017",7446.83,7446.83,7101.52,7143.58,3226249984,124146434048
"Nov 08, 2017",7141.38,7776.42,7114.02,7459.69,4602200064,119041392640
"Nov 07, 2017",7023.1,7253.32,7023.1,7144.38,2326340096,117056233472
"Nov 06, 2017",7403.22,7445.77,7007.31,7022.76,3111899904,123379326976
"Nov 05, 2017",7404.52,7617.48,7333.19,7407.41,2380410112,123388100608
"Nov 04, 2017",7164.48,7492.86,7031.28,7379.95,2483800064,119376199680
"Nov 03, 2017",7087.53,7461.29,7002.94,7207.76,3369860096,118083854336
"Nov 02, 2017",6777.77,7367.33,6758.72,7078.5,4653770240,112909656064
"Nov 01, 2017",6440.97,6767.31,6377.88,6767.31,2870320128,107286847488
"Oct 31, 2017",6132.02,6470.43,6103.33,6468.4,2311379968,102130237440
"Oct 30, 2017",6114.85,6214.99,6040.85,6130.53,1772150016,101833015296
"Oct 29, 2017",5754.44,6255.71,5724.58,6153.85,2859040000,95819800576
"Oct 28, 2017",5787.82,5876.72,5689.19,5753.09,1403920000,96369557504
"Oct 27, 2017",5899.74,5988.39,5728.82,5780.9,1710130048,98225446912
"Oct 26, 2017",5747.95,5976.8,5721.22,5904.83,1905040000,95685124096
"Oct 25, 2017",5524.6,5754.33,5397.88,5750.8,1966989952,91954200576
"Oct 24, 2017",5935.52,5935.52,5504.18,5526.64,2735699968,98781609984
"Oct 23, 2017",6006.0,6075.59,5732.47,5930.32,2401840128,99941629952
"Oct 22, 2017",6036.66,6076.26,5792.34,6008.42,2034630016,100437917696
"Oct 21, 2017",5996.79,6194.88,5965.07,6031.6,2207099904,99763249152
"Oct 20, 2017",5708.11,6060.11,5627.23,6011.45,2354429952,94947926016
"Oct 19, 2017",5583.74,5744.35,5531.06,5708.52,1780540032,92866969600
"Oct 18, 2017",5603.82,5603.82,5151.44,5590.69,2399269888,93190160384
"Oct 17, 2017",5741.58,5800.35,5472.72,5605.51,1821570048,95469297664
"Oct 16, 2017",5687.57,5776.23,5544.21,5725.59,2008070016,94558953472
"Oct 15, 2017",5835.96,5852.48,5478.61,5678.19,1976039936,97011859456
"Oct 14, 2017",5643.53,5837.7,5591.64,5831.79,1669030016,93803028480
"Oct 13, 2017",5464.16,5840.3,5436.85,5647.21,3615480064,90812375040
"Oct 12, 2017",4829.58,5446.91,4822.0,5446.91,2791610112,80256729088
"Oct 11, 2017",4789.25,4873.73,4751.63,4826.48,1222279936,79578218496
"Oct 10, 2017",4776.21,4922.17,4765.1,4781.99,1597139968,79351848960
"Oct 09, 2017",4614.52,4878.71,4564.25,4772.02,1968739968,76656467968
"Oct 08, 2017",4429.67,4624.14,4405.64,4610.48,1313869952,73575424000
"Oct 07, 2017",4369.35,4443.88,4321.05,4426.89,906928000,72565055488
"Oct 06, 2017",4324.46,4413.27,4320.53,4370.81,1069939968,71810605056
"Oct 05, 2017",4229.88,4362.64,4164.05,4328.41,1161769984,70233686016
"Oct 04, 2017",4319.37,4352.31,4210.42,4229.36,1116770048,71712522240
"Oct 03, 2017",4408.46,4432.47,4258.89,4317.48,1288019968,73181331456
"Oct 02, 2017",4395.81,4470.23,4377.46,4409.32,1431730048,72963194880
"Oct 01, 2017",4341.05,4403.74,4269.81,4403.74,1208210048,72047304704
"Sep 30, 2017",4166.11,4358.43,4160.86,4338.71,1207449984,69136629760
"Sep 29, 2017",4171.62,4214.63,4039.29,4163.07,1367049984,69219221504
"Sep 28, 2017",4197.13,4279.31,4109.7,4174.73,1712320000,69633212416
"Sep 27, 2017",3892.94,4210.05,3884.82,4200.67,1686880000,64579231744
"Sep 26, 2017",3928.41,3969.89,3869.9,3892.35,1043740032,65161023488
"Sep 25, 2017",3681.58,3950.25,3681.58,3926.07,1374210048,61061095424
"Sep 24, 2017",3796.15,3796.15,3666.9,3682.84,768014976,62954283008
"Sep 23, 2017",3629.92,3819.21,3594.58,3792.4,928113984,60190023680
"Sep 22, 2017",3628.02,3758.27,3553.53,3630.7,1194829952,60152250368
"Sep 21, 2017",3901.47,3916.42,3613.63,3631.04,1411480064,64677552128
"Sep 20, 2017",3916.36,4031.39,3857.73,3905.95,1213830016,64918507520
"Sep 19, 2017",4073.79,4094.07,3868.87,3924.97,1563980032,67520266240
"Sep 18, 2017",3591.09,4079.23,3591.09,4065.2,1943209984,59514085376
"Sep 17, 2017",3606.28,3664.81,3445.64,3582.88,1239149952,59757817856
"Sep 16, 2017",3637.75,3808.84,3487.79,3625.04,1818400000,60271636480
"Sep 15, 2017",3166.3,3733.45,2946.62,3637.52,4148069888,52453515264
"Sep 14, 2017",3875.37,3920.6,3153.86,3154.95,2716310016,64191565824
"Sep 13, 2017",4131.98,4131.98,3789.92,3882.59,2219409920,68432248832
"Sep 12, 2017",4168.88,4344.65,4085.22,4130.81,1864530048,69033369600
"Sep 11, 2017",4122.47,4261.67,4099.4,4161.27,1557330048,68256038912
"Sep 10, 2017",4229.34,4245.44,3951.04,4122.94,1679090048,70018088960
"Sep 09, 2017",4229.81,4308.82,4114.11,4226.06,1386230016,70017155072
"Sep 08, 2017",4605.16,4661.0,4075.18,4228.75,2700890112,76220227584
"Sep 07, 2017",4589.14,4655.04,4491.33,4599.88,1844620032,75944968192
"Sep 06, 2017",4376.59,4617.25,4376.59,4597.12,2172100096,72418721792
"Sep 05, 2017",4228.29,4427.84,3998.11,4376.53,2697969920,69954437120
"Sep 04, 2017",4591.63,4591.63,4108.4,4236.31,2987330048,75955544064
"Sep 03, 2017",4585.27,4714.08,4417.59,4582.96,1933190016,75841708032
"Sep 02, 2017",4901.42,4975.04,4469.24,4578.77,2722139904,81060601856
"Sep 01, 2017",4701.76,4892.01,4678.53,4892.01,2599079936,77748371456
"Aug 31, 2017",4555.59,4736.05,4549.4,4703.39,1944930048,75322261504
"Aug 30, 2017",4570.36,4626.52,4471.41,4565.3,1937849984,75556601856
"Aug 29, 2017",4389.21,4625.68,4352.13,4579.02,2486080000,72553783296
"Aug 28, 2017",4384.45,4403.93,4224.64,4382.66,1959330048,72467865600
"Aug 27, 2017",4345.1,4416.59,4317.29,4382.88,1537459968,71809245184
"Aug 26, 2017",4372.06,4379.28,4269.52,4352.4,1511609984,72249057280
"Aug 25, 2017",4332.82,4455.7,4307.35,4371.6,1727970048,71595073536
"Aug 24, 2017",4137.6,4376.39,4130.26,4334.68,2037750016,68363894784
"Aug 23, 2017",4089.01,4255.78,4078.41,4151.52,2369819904,67553030144
"Aug 22, 2017",3998.35,4128.76,3674.58,4100.52,3764239872,66051018752
"Aug 21, 2017",4090.48,4109.14,3988.6,4001.74,2800890112,67567071232
"Aug 20, 2017",4189.31,4196.29,4069.88,4087.66,2109769984,69192663040
"Aug 19, 2017",4137.75,4243.26,3970.55,4193.7,2975820032,68333101056
"Aug 18, 2017",4324.34,4370.13,4015.4,4160.62,2941710080,71406542848
"Aug 17, 2017",4384.44,4484.7,4243.71,4331.69,2553359872,72389124096
"Aug 16, 2017",4200.34,4381.23,3994.42,4376.63,2272039936,69342707712
"Aug 15, 2017",4326.99,4455.97,3906.18,4181.93,3258050048,71425482752
"Aug 14, 2017",4066.1,4325.13,3989.16,4325.13,2463089920,67112329216
"Aug 13, 2017",3880.04,4208.39,3857.8,4073.26,3159089920,64034107392
"Aug 12, 2017",3650.63,3949.92,3613.7,3884.71,2219589888,60242059264
"Aug 11, 2017",3373.82,3679.72,3372.12,3650.62,2021190016,55667986432
"Aug 10, 2017",3341.84,3453.45,3319.47,3381.28,1515110016,55134724096
"Aug 09, 2017",3420.4,3422.76,3247.67,3342.47,1468960000,56424906752
"Aug 08, 2017",3370.22,3484.85,3345.83,3419.94,1752760064,55590281216
"Aug 07, 2017",3212.78,3397.68,3180.89,3378.94,1482279936,52987310080
"Aug 06, 2017",3257.61,3293.29,3155.6,3213.94,1105030016,53720891392
"Aug 05, 2017",2897.63,3290.01,2874.83,3252.91,1945699968,47778197504
"Aug 04, 2017",2806.93,2899.33,2743.72,2895.89,1002120000,46276210688
"Aug 03, 2017",2709.56,2813.31,2685.14,2804.73,804796992,44666400768
"Aug 02, 2017",2727.13,2762.53,2668.59,2710.67,1094950016,44950835200
"Aug 01, 2017",2871.3,2921.35,2685.61,2718.26,1324669952,47321755648
"Jul 31, 2017",2763.24,2889.62,2720.61,2875.34,860574976,45535846400
"Jul 30, 2017",2724.39,2758.53,2644.85,2757.18,705942976,44890664960
"Jul 29, 2017",2807.02,2808.76,2692.8,2726.45,803745984,46246670336
"Jul 28, 2017",2679.73,2897.45,2679.73,2809.01,1380099968,44144447488
"Jul 27, 2017",2538.71,2693.32,2529.34,2671.78,789104000,41816489984
"Jul 26, 2017",2577.77,2610.76,2450.8,2529.45,937404032,42455015424
"Jul 25, 2017",2757.5,2768.08,2480.96,2576.48,1460089984,45410078720
"Jul 24, 2017",2732.7,2777.26,2699.19,2754.86,866473984,44995604480
"Jul 23, 2017",2808.1,2832.18,2653.94,2730.4,1072840000,46231142400
"Jul 22, 2017",2668.63,2862.42,2657.71,2810.12,1177129984,43929632768
"Jul 21, 2017",2838.41,2838.41,2621.85,2667.76,1489449984,46718996480
"Jul 20, 2017",2269.89,2900.7,2269.89,2817.6,2249260032,37356806144
"Jul 19, 2017",2323.08,2397.17,2260.23,2273.43,1245100032,38227845120
"Jul 18, 2017",2233.52,2387.61,2164.77,2318.88,1512450048,36749443072
"Jul 17, 2017",1932.62,2230.49,1932.62,2228.41,1201760000,31795019776
"Jul 16, 2017",1991.98,2058.77,1843.03,1929.82,1182870016,32767571968
"Jul 15, 2017",2230.12,2231.14,1990.41,1998.86,993608000,36681289728
"Jul 14, 2017",2360.59,2363.25,2183.22,2233.34,882502976,38823104512
"Jul 13, 2017",2402.7,2425.22,2340.83,2357.9,835769984,39511040000
"Jul 12, 2017",2332.77,2423.71,2275.14,2398.84,1117410048,38355918848
"Jul 11, 2017",2385.89,2413.47,2296.81,2337.79,1329760000,39224180736
"Jul 10, 2017",2525.25,2537.16,2321.13,2372.56,1111200000,41509044224
"Jul 09, 2017",2572.61,2635.49,2517.59,2518.44,527856000,42283167744
"Jul 08, 2017",2520.27,2571.34,2492.31,2571.34,733329984,41417732096
"Jul 07, 2017",2608.59,2916.14,2498.87,2518.66,917411968,42864218112
"Jul 06, 2017",2608.1,2616.72,2581.69,2608.56,761956992,42851422208
"Jul 05, 2017",2602.87,2622.65,2538.55,2601.99,941566016,42760830976
"Jul 04, 2017",2561.0,2631.59,2559.35,2601.64,985516032,42067939328
"Jul 03, 2017",2498.56,2595.0,2480.47,2564.06,964112000,41037160448
"Jul 02, 2017",2436.4,2514.28,2394.84,2506.47,803747008,40010469376
"Jul 01, 2017",2492.6,2515.27,2419.23,2434.55,779913984,40928153600
"Jun 30, 2017",2539.24,2559.25,2478.43,2480.84,860273024,41689124864
"Jun 29, 2017",2567.56,2588.83,2510.48,2539.32,949979008,42150330368
"Jun 28, 2017",2553.03,2603.98,2484.42,2574.79,1183869952,41906651136
"Jun 27, 2017",2478.45,2552.45,2332.99,2552.45,1489789952,40677937152
"Jun 26, 2017",2590.57,2615.25,2376.29,2478.45,1663280000,42513989632
"Jun 25, 2017",2607.25,2682.26,2552.12,2589.41,1161100032,42783760384
"Jun 24, 2017",2738.52,2757.94,2583.19,2608.72,982750016,44932898816
"Jun 23, 2017",2707.34,2765.17,2706.37,2744.91,961318976,44415922176
"Jun 22, 2017",2691.03,2723.74,2642.36,2705.41,1097939968,44143661056
"Jun 21, 2017",2709.43,2772.01,2660.4,2689.1,1626579968,44440801280
"Jun 20, 2017",2591.26,2763.45,2589.82,2721.79,1854189952,42497998848
"Jun 19, 2017",2549.03,2662.85,2549.03,2589.6,1446840064,41800601600
"Jun 18, 2017",2655.35,2662.1,2516.33,2548.29,1178659968,43539300352
"Jun 17, 2017",2514.01,2685.19,2484.96,2655.88,1534509952,41217200128
"Jun 16, 2017",2469.57,2539.92,2385.15,2518.56,1195190016,40484098048
"Jun 15, 2017",2499.58,2534.71,2212.96,2464.58,2026259968,40971300864
"Jun 14, 2017",2716.88,2786.83,2412.94,2506.37,1696560000,44528300032
"Jun 13, 2017",2680.91,2789.04,2650.38,2717.02,1781200000,43934101504
"Jun 12, 2017",2953.22,2997.26,2518.56,2659.63,2569530112,48391200768
"Jun 11, 2017",2942.41,2996.6,2840.53,2958.11,1752400000,48208699392
"Jun 10, 2017",2828.14,2950.99,2746.55,2947.71,2018889984,46331400192
"Jun 09, 2017",2807.44,2901.71,2795.62,2823.81,1348950016,45987098624
"Jun 08, 2017",2720.49,2815.3,2670.95,2805.62,1281170048,44557099008
"Jun 07, 2017",2869.38,2869.38,2700.56,2732.16,1517709952,46989799424
"Jun 06, 2017",2690.84,2999.91,2690.84,2863.2,2089609984,44060999680
"Jun 05, 2017",2512.4,2686.81,2510.22,2686.81,1369309952,41133899776
"Jun 04, 2017",2547.79,2585.89,2452.54,2511.81,1355120000,41708199936
"Jun 03, 2017",2493.72,2581.91,2423.57,2515.35,1514950016,40817098752
"Jun 02, 2017",2404.03,2488.55,2373.32,2488.55,1317030016,39344599040
"Jun 01, 2017",2288.33,2448.39,2288.33,2407.88,1653180032,37446201344
"May 31, 2017",2187.19,2311.08,2145.57,2286.41,1544829952,35786698752
"May 30, 2017",2255.36,2301.96,2124.57,2175.47,1443970048,36897001472
"May 29, 2017",2159.43,2307.05,2107.17,2255.61,994625024,35323498496
"May 28, 2017",2054.08,2267.34,2054.08,2155.8,1147139968,33595899904
"May 27, 2017",2196.27,2260.2,1855.83,2038.87,1700480000,35917099008
"May 26, 2017",2320.89,2573.79,2071.99,2202.42,1763480064,37950599168
"May 25, 2017",2446.24,2763.71,2285.3,2304.98,2406700032,39995400192
"May 24, 2017",2321.37,2523.72,2321.37,2443.64,1725379968,37949198336
"May 23, 2017",2191.56,2320.82,2178.5,2320.42,1378749952,35822600192
"May 22, 2017",2043.19,2303.9,2017.87,2173.4,1942220032,33393600512
"May 21, 2017",2067.03,2119.08,2037.5,2041.2,1147859968,33779400704
"May 20, 2017",1984.24,2084.73,1974.92,2084.73,961336000,32422400000
"May 19, 2017",1897.37,2004.52,1890.25,1987.71,1157289984,30998999040
"May 18, 2017",1818.7,1904.48,1807.12,1888.65,894321024,29710499840
"May 17, 2017",1726.73,1864.05,1661.91,1839.09,1064729984,28204800000
"May 16, 2017",1741.7,1785.94,1686.54,1734.45,959044992,28446300160
"May 15, 2017",1808.44,1812.8,1708.54,1738.43,731529024,29532600320
"May 14, 2017",1800.86,1831.42,1776.62,1808.91,437196000,29405100032
"May 13, 2017",1723.12,1812.99,1651.08,1804.91,579635008,28132300800
"May 12, 2017",1845.76,1856.15,1694.01,1724.24,740984000,30131099648
"May 11, 2017",1780.37,1873.93,1755.35,1848.57,799489984,29060599808
"May 10, 2017",1756.52,1788.44,1719.1,1787.13,915723008,28668100608
"May 09, 2017",1723.89,1833.49,1716.3,1755.36,1167920000,28132200448
"May 08, 2017",1596.92,1723.35,1596.92,1723.35,1340320000,26056499200
"May 07, 2017",1579.47,1596.72,1559.76,1596.71,1080029952,25768499200
"May 06, 2017",1556.81,1578.8,1542.5,1578.8,582529984,25395599360
"May 05, 2017",1540.87,1618.03,1530.31,1555.45,946035968,25133099008
"May 04, 2017",1490.72,1608.91,1490.72,1537.67,933548992,24311900160
"May 03, 2017",1453.78,1492.77,1447.49,1490.09,583795968,23707099136
"May 02, 2017",1421.03,1473.9,1415.69,1452.82,477337984,23170199552
"May 01, 2017",1348.3,1434.32,1348.3,1421.6,713624000,21981800448
"Apr 30, 2017",1321.87,1347.91,1314.92,1347.89,413115008,21548400640
"Apr 29, 2017",1317.84,1327.2,1315.21,1321.79,422705984,21479800832
"Apr 28, 2017",1317.74,1331.28,1292.37,1316.48,527488992,21475999744
"Apr 27, 2017",1281.88,1319.7,1281.3,1317.73,449196992,20889200640
"Apr 26, 2017",1265.99,1294.83,1265.93,1281.08,329631008,20627900416
"Apr 25, 2017",1250.45,1267.58,1249.97,1265.49,242556000,20372299776
"Apr 24, 2017",1209.63,1250.94,1209.63,1250.15,235806000,19705399296
"Apr 23, 2017",1231.92,1232.2,1203.94,1207.21,258951008,20066199552
"Apr 22, 2017",1222.71,1235.56,1208.47,1231.71,249320000,19913900032
"Apr 21, 2017",1229.42,1235.94,1215.56,1222.05,272167008,20020699136
"Apr 20, 2017",1211.08,1240.79,1208.41,1229.08,315108000,19719899136
"Apr 19, 2017",1212.13,1215.51,1205.08,1210.29,288060992,19734800384
"Apr 18, 2017",1193.77,1217.57,1193.77,1211.67,270524000,19433799680
"Apr 17, 2017",1183.25,1194.9,1172.65,1193.91,253206000,19260499968
"Apr 16, 2017",1172.61,1187.22,1172.61,1182.94,183231008,19085099008
"Apr 15, 2017",1167.3,1188.0,1164.96,1172.52,203559008,18996500480
"Apr 14, 2017",1170.33,1190.8,1159.79,1167.54,254827008,19043799040
"Apr 13, 2017",1201.02,1205.89,1156.44,1169.28,351968992,19541299200
"Apr 12, 2017",1204.81,1207.14,1196.76,1200.37,288702016,19600799744
"Apr 11, 2017",1187.46,1208.07,1187.46,1205.01,216182000,19316000768
"Apr 10, 2017",1187.3,1190.34,1179.04,1187.13,215883008,19311200256
"Apr 09, 2017",1176.57,1197.21,1171.86,1187.87,242343008,19134400512
"Apr 08, 2017",1172.65,1184.98,1162.58,1175.95,209312000,19068600320
"Apr 07, 2017",1178.94,1186.58,1163.39,1176.9,317022016,19168499712
"Apr 06, 2017",1125.81,1188.37,1125.81,1182.68,511222016,18302599168
"Apr 05, 2017",1134.14,1135.09,1113.63,1124.78,414784000,18435700736
"Apr 04, 2017",1145.52,1156.44,1120.52,1133.25,436310016,18619000832
"Apr 03, 2017",1102.95,1151.74,1102.95,1143.81,580444032,17924599808
"Apr 02, 2017",1080.61,1107.59,1075.45,1102.17,514187008,17559400448
"Apr 01, 2017",1071.71,1091.72,1061.09,1080.5,289633984,17412999168
"Mar 31, 2017",1026.64,1074.92,1026.64,1071.79,447287008,16679000064
"Mar 30, 2017",1042.21,1049.29,1020.04,1026.43,352968992,16929800192
"Mar 29, 2017",1046.08,1055.13,1015.88,1039.97,298457984,16990900224
"Mar 28, 2017",1044.58,1064.65,1027.73,1047.15,326332000,16964500480
"Mar 27, 2017",972.05,1046.4,971.98,1045.77,372535008,15784999936
"Mar 26, 2017",974.02,1007.96,954.19,966.72,303668000,15814800384
"Mar 25, 2017",936.54,975.76,903.71,972.78,435803008,15204800512
"Mar 24, 2017",1038.45,1040.47,934.36,937.52,491038016,16856999936
"Mar 23, 2017",1050.05,1058.01,1028.93,1038.59,248540000,17043399680
"Mar 22, 2017",1120.65,1120.65,1014.21,1049.14,380840992,18187100160
"Mar 21, 2017",1055.36,1122.43,1055.36,1120.54,337391008,17125600256
"Mar 20, 2017",1037.24,1063.03,1036.68,1054.23,286529984,16829800448
"Mar 19, 2017",976.73,1069.91,976.73,1036.74,406648000,15845999616
"Mar 18, 2017",1099.69,1114.07,957.66,973.82,621302016,17838700544
"Mar 17, 2017",1180.16,1180.16,1099.57,1100.23,706598976,19141799936
"Mar 16, 2017",1251.33,1257.98,1152.44,1187.81,638568000,20293699584
"Mar 15, 2017",1240.16,1251.61,1239.75,1249.61,297804992,20110399488
"Mar 14, 2017",1232.16,1244.81,1220.72,1240.0,245306000,19978199040
"Mar 13, 2017",1221.78,1237.37,1217.03,1231.92,380276992,19807700992
"Mar 12, 2017",1176.62,1226.98,1175.36,1221.38,227176000,19073300480
"Mar 11, 2017",1116.32,1193.83,1116.32,1175.83,283320000,18093699072
"Mar 10, 2017",1189.36,1270.47,1077.25,1116.72,563795968,19275300864
"Mar 09, 2017",1150.35,1197.46,1141.23,1188.49,212283008,18640900096
"Mar 08, 2017",1223.23,1232.16,1148.08,1150.0,332603008,19819800576
"Mar 07, 2017",1273.21,1275.55,1204.8,1223.54,291256000,20627099648
"Mar 06, 2017",1267.47,1276.0,1264.6,1272.83,153656992,20531900416
"Mar 05, 2017",1254.29,1267.29,1238.06,1267.12,134127000,20316000256
"Mar 04, 2017",1277.43,1279.4,1230.51,1255.15,183270000,20688799744
"Mar 03, 2017",1250.71,1280.31,1250.71,1274.99,315739008,20253700096
"Mar 02, 2017",1224.68,1262.13,1215.62,1251.01,368275008,19829800960
"Mar 01, 2017",1180.04,1222.5,1179.69,1222.5,229056992,19104800768
"Feb 28, 2017",1180.72,1193.25,1171.82,1179.97,184956000,19113598976
"Feb 27, 2017",1163.78,1181.98,1163.38,1179.97,131570000,18837299200
"Feb 26, 2017",1144.27,1167.47,1130.2,1165.2,116486000,18518900736
"Feb 25, 2017",1170.41,1174.85,1124.59,1143.84,139960992,18939500544
"Feb 24, 2017",1172.71,1200.39,1131.96,1173.68,330759008,18974400512
"Feb 23, 2017",1117.27,1176.62,1116.96,1166.72,189454000,18075199488
"Feb 22, 2017",1114.8,1125.39,1100.55,1117.44,136100000,18033399808
"Feb 21, 2017",1079.28,1117.25,1076.93,1115.3,186868992,17456900096
"Feb 20, 2017",1048.69,1080.49,1041.69,1079.98,109478000,16960199680
"Feb 19, 2017",1054.76,1056.81,1043.46,1047.87,77423296,17056600064
"Feb 18, 2017",1049.21,1061.1,1046.96,1054.42,99073504,16964800512
"Feb 17, 2017",1026.12,1053.17,1025.64,1046.21,136474000,16589599744
"Feb 16, 2017",1007.65,1033.37,1007.65,1027.44,122277000,16289099776
"Feb 15, 2017",1006.21,1008.84,1001.58,1007.48,89759400,16264099840
"Feb 14, 2017",991.73,1011.51,986.47,1004.55,137946000,16028000256
"Feb 13, 2017",998.89,1002.1,976.0,990.64,100607000,16141500416
"Feb 12, 2017",1003.52,1004.76,996.92,999.18,67530000,16214700032
"Feb 11, 2017",988.9,1009.29,982.83,1004.45,102261000,15976699904
"Feb 10, 2017",995.63,998.91,946.69,988.67,190452000,16083600384
"Feb 09, 2017",1064.7,1088.99,953.34,994.38,407220000,17197099008
"Feb 08, 2017",1062.32,1078.97,1037.49,1063.07,201855008,17156700160
"Feb 07, 2017",1040.14,1061.93,1040.14,1061.35,146007008,16796600320
"Feb 06, 2017",1028.4,1044.64,1028.16,1038.15,111762000,16605400064
"Feb 05, 2017",1043.52,1043.63,1022.37,1027.34,114208000,16847399936
"Feb 04, 2017",1031.33,1045.9,1015.16,1042.9,155064000,16648800256
"Feb 03, 2017",1011.46,1033.87,1008.79,1029.91,201278000,16326099968
"Feb 02, 2017",990.0,1013.52,983.22,1011.8,145820992,15977799680
"Feb 01, 2017",970.94,989.11,970.74,989.02,150110000,15667900416
"Jan 31, 2017",920.96,972.02,920.96,970.4,164582000,14859700224
"Jan 30, 2017",920.15,923.05,919.47,920.38,78227296,14844900352
"Jan 29, 2017",922.07,923.42,919.15,919.5,60851700,14874000384
"Jan 28, 2017",919.81,923.91,919.81,921.59,68979600,14835800064
"Jan 27, 2017",918.36,923.22,915.85,919.75,125594000,14810399744
"Jan 26, 2017",902.4,919.33,902.22,917.59,131958000,14551199744
"Jan 25, 2017",891.92,903.25,891.69,901.54,120831000,14380699648
"Jan 24, 2017",910.68,924.15,892.29,892.69,111349000,14681400320
"Jan 23, 2017",925.5,928.27,916.74,921.01,73588600,14918800384
"Jan 22, 2017",922.21,937.53,897.56,924.67,116573000,14863599616
"Jan 21, 2017",895.55,927.37,895.53,921.79,111158000,14432000000
"Jan 20, 2017",898.17,899.4,887.01,895.03,86728400,14472099840
"Jan 19, 2017",888.34,904.61,884.34,899.07,105625000,14311700480
"Jan 18, 2017",909.37,917.5,858.3,886.62,225676992,14648899584
"Jan 17, 2017",830.95,910.56,830.8,907.94,155095008,13383900160
"Jan 16, 2017",821.78,834.53,820.27,831.53,82755200,13234599936
"Jan 15, 2017",818.14,823.31,812.87,821.8,71013600,13174299648
"Jan 14, 2017",825.14,835.09,812.46,818.41,93063296,13285199872
"Jan 13, 2017",803.74,829.0,780.0,823.98,168968000,12939100160
"Jan 12, 2017",775.18,826.25,755.76,804.83,222326000,12477599744
"Jan 11, 2017",908.11,919.45,762.77,777.76,310928992,14615700480
"Jan 10, 2017",902.44,914.87,901.06,907.68,115808000,14522600448
"Jan 09, 2017",913.24,913.69,879.81,902.83,141876992,14694899712
"Jan 08, 2017",908.17,942.72,887.25,911.2,158715008,14611399680
"Jan 07, 2017",903.49,908.59,823.56,908.59,279550016,14534400000
"Jan 06, 2017",1014.24,1046.81,883.94,902.2,351876000,16314099712
"Jan 05, 2017",1156.73,1191.1,910.42,1013.38,510199008,18603999232
"Jan 04, 2017",1044.4,1159.42,1044.4,1154.73,344945984,16795400192
"Jan 03, 2017",1021.6,1044.08,1021.6,1043.84,185168000,16426600448
"Jan 02, 2017",998.62,1031.39,996.7,1021.75,222184992,16055100416
"Jan 01, 2017",963.66,1003.08,958.7,998.33,147775008,15491200000
